Entry,Ligand_name,Ligand_No,Ligand_smiles,Substrate_name,Substrate_No,Substrate_smiles,Yield
0,dppm,L1,P(C1=CC=CC=C1)(C2=CC=CC=C2)CP(C3=CC=CC=C3)C4=CC=CC=C4,benzophenone,1a,O=C(C1=CC=CC=C1)C2=CC=CC=C2,20
1,dppm,L1,P(C1=CC=CC=C1)(C2=CC=CC=C2)CP(C3=CC=CC=C3)C4=CC=CC=C4,"4,4'-dimethylbenzophenone",1b,O=C(C1=CC=C(C)C=C1)C2=CC=C(C)C=C2,9
2,dppm,L1,P(C1=CC=CC=C1)(C2=CC=CC=C2)CP(C3=CC=CC=C3)C4=CC=CC=C4,"4,4'-dimethoxybenzophenone",1c,O=C(C1=CC=C(C=C1)OC)C2=CC=C(C=C2)OC,7
3,dppm,L1,P(C1=CC=CC=C1)(C2=CC=CC=C2)CP(C3=CC=CC=C3)C4=CC=CC=C4,"4,4'-difluorobenzophenone",1d,O=C(C1=CC=C(F)C=C1)C2=CC=C(F)C=C2,18
4,dppm,L1,P(C1=CC=CC=C1)(C2=CC=CC=C2)CP(C3=CC=CC=C3)C4=CC=CC=C4,acetophenone,1e,CC(C1=CC=CC=C1)=O,34
5,dppm,L1,P(C1=CC=CC=C1)(C2=CC=CC=C2)CP(C3=CC=CC=C3)C4=CC=CC=C4,"2,2,2-trifluoroacetophenone",1f,O=C(C1=CC=CC=C1)C(F)(F)F,89
6,dppm,L1,P(C1=CC=CC=C1)(C2=CC=CC=C2)CP(C3=CC=CC=C3)C4=CC=CC=C4,cyclohexyl_phenyl_ketone,1g,O=C(C1CCCCC1)C2=CC=CC=C2,5
7,dppm,L1,P(C1=CC=CC=C1)(C2=CC=CC=C2)CP(C3=CC=CC=C3)C4=CC=CC=C4,alpha-tetralone,1h,O=C1CCCC2=CC=CC=C21,3
8,dppm,L1,P(C1=CC=CC=C1)(C2=CC=CC=C2)CP(C3=CC=CC=C3)C4=CC=CC=C4,beta-tetralone,1i,O=C1CCC2=CC=CC=C2C1,85
9,dppm,L1,P(C1=CC=CC=C1)(C2=CC=CC=C2)CP(C3=CC=CC=C3)C4=CC=CC=C4,dicyclohexyl_ketone,1j,O=C(C1CCCCC1)C2CCCCC2,0
10,dppe,L2,P(C1=CC=CC=C1)(C2=CC=CC=C2)CCP(C3=CC=CC=C3)C4=CC=CC=C4,benzophenone,1a,O=C(C1=CC=CC=C1)C2=CC=CC=C2,3
11,dppe,L2,P(C1=CC=CC=C1)(C2=CC=CC=C2)CCP(C3=CC=CC=C3)C4=CC=CC=C4,"4,4'-dimethylbenzophenone",1b,O=C(C1=CC=C(C)C=C1)C2=CC=C(C)C=C2,2
12,dppe,L2,P(C1=CC=CC=C1)(C2=CC=CC=C2)CCP(C3=CC=CC=C3)C4=CC=CC=C4,"4,4'-dimethoxybenzophenone",1c,O=C(C1=CC=C(C=C1)OC)C2=CC=C(C=C2)OC,1
13,dppe,L2,P(C1=CC=CC=C1)(C2=CC=CC=C2)CCP(C3=CC=CC=C3)C4=CC=CC=C4,"4,4'-difluorobenzophenone",1d,O=C(C1=CC=C(F)C=C1)C2=CC=C(F)C=C2,3
14,dppe,L2,P(C1=CC=CC=C1)(C2=CC=CC=C2)CCP(C3=CC=CC=C3)C4=CC=CC=C4,acetophenone,1e,CC(C1=CC=CC=C1)=O,3
15,dppe,L2,P(C1=CC=CC=C1)(C2=CC=CC=C2)CCP(C3=CC=CC=C3)C4=CC=CC=C4,"2,2,2-trifluoroacetophenone",1f,O=C(C1=CC=CC=C1)C(F)(F)F,28
16,dppe,L2,P(C1=CC=CC=C1)(C2=CC=CC=C2)CCP(C3=CC=CC=C3)C4=CC=CC=C4,cyclohexyl_phenyl_ketone,1g,O=C(C1CCCCC1)C2=CC=CC=C2,1
17,dppe,L2,P(C1=CC=CC=C1)(C2=CC=CC=C2)CCP(C3=CC=CC=C3)C4=CC=CC=C4,alpha-tetralone,1h,O=C1CCCC2=CC=CC=C21,1
18,dppe,L2,P(C1=CC=CC=C1)(C2=CC=CC=C2)CCP(C3=CC=CC=C3)C4=CC=CC=C4,beta-tetralone,1i,O=C1CCC2=CC=CC=C2C1,31
19,dppe,L2,P(C1=CC=CC=C1)(C2=CC=CC=C2)CCP(C3=CC=CC=C3)C4=CC=CC=C4,dicyclohexyl_ketone,1j,O=C(C1CCCCC1)C2CCCCC2,0
20,dppp,L3,P(C1=CC=CC=C1)(C2=CC=CC=C2)CCCP(C3=CC=CC=C3)C4=CC=CC=C4,benzophenone,1a,O=C(C1=CC=CC=C1)C2=CC=CC=C2,5
21,dppp,L3,P(C1=CC=CC=C1)(C2=CC=CC=C2)CCCP(C3=CC=CC=C3)C4=CC=CC=C4,"4,4'-dimethylbenzophenone",1b,O=C(C1=CC=C(C)C=C1)C2=CC=C(C)C=C2,1
22,dppp,L3,P(C1=CC=CC=C1)(C2=CC=CC=C2)CCCP(C3=CC=CC=C3)C4=CC=CC=C4,"4,4'-dimethoxybenzophenone",1c,O=C(C1=CC=C(C=C1)OC)C2=CC=C(C=C2)OC,1
23,dppp,L3,P(C1=CC=CC=C1)(C2=CC=CC=C2)CCCP(C3=CC=CC=C3)C4=CC=CC=C4,"4,4'-difluorobenzophenone",1d,O=C(C1=CC=C(F)C=C1)C2=CC=C(F)C=C2,3
24,dppp,L3,P(C1=CC=CC=C1)(C2=CC=CC=C2)CCCP(C3=CC=CC=C3)C4=CC=CC=C4,acetophenone,1e,CC(C1=CC=CC=C1)=O,3
25,dppp,L3,P(C1=CC=CC=C1)(C2=CC=CC=C2)CCCP(C3=CC=CC=C3)C4=CC=CC=C4,"2,2,2-trifluoroacetophenone",1f,O=C(C1=CC=CC=C1)C(F)(F)F,16
26,dppp,L3,P(C1=CC=CC=C1)(C2=CC=CC=C2)CCCP(C3=CC=CC=C3)C4=CC=CC=C4,cyclohexyl_phenyl_ketone,1g,O=C(C1CCCCC1)C2=CC=CC=C2,3
27,dppp,L3,P(C1=CC=CC=C1)(C2=CC=CC=C2)CCCP(C3=CC=CC=C3)C4=CC=CC=C4,alpha-tetralone,1h,O=C1CCCC2=CC=CC=C21,4
28,dppp,L3,P(C1=CC=CC=C1)(C2=CC=CC=C2)CCCP(C3=CC=CC=C3)C4=CC=CC=C4,beta-tetralone,1i,O=C1CCC2=CC=CC=C2C1,2
29,dppp,L3,P(C1=CC=CC=C1)(C2=CC=CC=C2)CCCP(C3=CC=CC=C3)C4=CC=CC=C4,dicyclohexyl_ketone,1j,O=C(C1CCCCC1)C2CCCCC2,0
30,dppb,L4,P(C1=CC=CC=C1)(C2=CC=CC=C2)CCCCP(C3=CC=CC=C3)C4=CC=CC=C4,benzophenone,1a,O=C(C1=CC=CC=C1)C2=CC=CC=C2,93
31,dppb,L4,P(C1=CC=CC=C1)(C2=CC=CC=C2)CCCCP(C3=CC=CC=C3)C4=CC=CC=C4,"4,4'-dimethylbenzophenone",1b,O=C(C1=CC=C(C)C=C1)C2=CC=C(C)C=C2,90
32,dppb,L4,P(C1=CC=CC=C1)(C2=CC=CC=C2)CCCCP(C3=CC=CC=C3)C4=CC=CC=C4,"4,4'-dimethoxybenzophenone",1c,O=C(C1=CC=C(C=C1)OC)C2=CC=C(C=C2)OC,95
33,dppb,L4,P(C1=CC=CC=C1)(C2=CC=CC=C2)CCCCP(C3=CC=CC=C3)C4=CC=CC=C4,"4,4'-difluorobenzophenone",1d,O=C(C1=CC=C(F)C=C1)C2=CC=C(F)C=C2,94
34,dppb,L4,P(C1=CC=CC=C1)(C2=CC=CC=C2)CCCCP(C3=CC=CC=C3)C4=CC=CC=C4,acetophenone,1e,CC(C1=CC=CC=C1)=O,80
35,dppb,L4,P(C1=CC=CC=C1)(C2=CC=CC=C2)CCCCP(C3=CC=CC=C3)C4=CC=CC=C4,"2,2,2-trifluoroacetophenone",1f,O=C(C1=CC=CC=C1)C(F)(F)F,86
36,dppb,L4,P(C1=CC=CC=C1)(C2=CC=CC=C2)CCCCP(C3=CC=CC=C3)C4=CC=CC=C4,cyclohexyl_phenyl_ketone,1g,O=C(C1CCCCC1)C2=CC=CC=C2,98
37,dppb,L4,P(C1=CC=CC=C1)(C2=CC=CC=C2)CCCCP(C3=CC=CC=C3)C4=CC=CC=C4,alpha-tetralone,1h,O=C1CCCC2=CC=CC=C21,5
38,dppb,L4,P(C1=CC=CC=C1)(C2=CC=CC=C2)CCCCP(C3=CC=CC=C3)C4=CC=CC=C4,beta-tetralone,1i,O=C1CCC2=CC=CC=C2C1,84
39,dppb,L4,P(C1=CC=CC=C1)(C2=CC=CC=C2)CCCCP(C3=CC=CC=C3)C4=CC=CC=C4,dicyclohexyl_ketone,1j,O=C(C1CCCCC1)C2CCCCC2,17
40,dppbz,L5,C1(P(C2=CC=CC=C2)C3=CC=CC=C3)=CC=CC=C1P(C4=CC=CC=C4)C5=CC=CC=C5,benzophenone,1a,O=C(C1=CC=CC=C1)C2=CC=CC=C2,4
41,dppbz,L5,C1(P(C2=CC=CC=C2)C3=CC=CC=C3)=CC=CC=C1P(C4=CC=CC=C4)C5=CC=CC=C5,"4,4'-dimethylbenzophenone",1b,O=C(C1=CC=C(C)C=C1)C2=CC=C(C)C=C2,3
42,dppbz,L5,C1(P(C2=CC=CC=C2)C3=CC=CC=C3)=CC=CC=C1P(C4=CC=CC=C4)C5=CC=CC=C5,"4,4'-dimethoxybenzophenone",1c,O=C(C1=CC=C(C=C1)OC)C2=CC=C(C=C2)OC,7
43,dppbz,L5,C1(P(C2=CC=CC=C2)C3=CC=CC=C3)=CC=CC=C1P(C4=CC=CC=C4)C5=CC=CC=C5,"4,4'-difluorobenzophenone",1d,O=C(C1=CC=C(F)C=C1)C2=CC=C(F)C=C2,6
44,dppbz,L5,C1(P(C2=CC=CC=C2)C3=CC=CC=C3)=CC=CC=C1P(C4=CC=CC=C4)C5=CC=CC=C5,acetophenone,1e,CC(C1=CC=CC=C1)=O,3
45,dppbz,L5,C1(P(C2=CC=CC=C2)C3=CC=CC=C3)=CC=CC=C1P(C4=CC=CC=C4)C5=CC=CC=C5,"2,2,2-trifluoroacetophenone",1f,O=C(C1=CC=CC=C1)C(F)(F)F,36
46,dppbz,L5,C1(P(C2=CC=CC=C2)C3=CC=CC=C3)=CC=CC=C1P(C4=CC=CC=C4)C5=CC=CC=C5,cyclohexyl_phenyl_ketone,1g,O=C(C1CCCCC1)C2=CC=CC=C2,2
47,dppbz,L5,C1(P(C2=CC=CC=C2)C3=CC=CC=C3)=CC=CC=C1P(C4=CC=CC=C4)C5=CC=CC=C5,alpha-tetralone,1h,O=C1CCCC2=CC=CC=C21,1
48,dppbz,L5,C1(P(C2=CC=CC=C2)C3=CC=CC=C3)=CC=CC=C1P(C4=CC=CC=C4)C5=CC=CC=C5,beta-tetralone,1i,O=C1CCC2=CC=CC=C2C1,12
49,dppbz,L5,C1(P(C2=CC=CC=C2)C3=CC=CC=C3)=CC=CC=C1P(C4=CC=CC=C4)C5=CC=CC=C5,dicyclohexyl_ketone,1j,O=C(C1CCCCC1)C2CCCCC2,0
50,"2,2'-bis(diphenylphosphino)biphenyl",L6,C1(C2=C(P(C3=CC=CC=C3)C4=CC=CC=C4)C=CC=C2)=C(P(C5=CC=CC=C5)C6=CC=CC=C6)C=CC=C1,benzophenone,1a,O=C(C1=CC=CC=C1)C2=CC=CC=C2,25
51,"2,2'-bis(diphenylphosphino)biphenyl",L6,C1(C2=C(P(C3=CC=CC=C3)C4=CC=CC=C4)C=CC=C2)=C(P(C5=CC=CC=C5)C6=CC=CC=C6)C=CC=C1,"4,4'-dimethylbenzophenone",1b,O=C(C1=CC=C(C)C=C1)C2=CC=C(C)C=C2,13
52,"2,2'-bis(diphenylphosphino)biphenyl",L6,C1(C2=C(P(C3=CC=CC=C3)C4=CC=CC=C4)C=CC=C2)=C(P(C5=CC=CC=C5)C6=CC=CC=C6)C=CC=C1,"4,4'-dimethoxybenzophenone",1c,O=C(C1=CC=C(C=C1)OC)C2=CC=C(C=C2)OC,10
53,"2,2'-bis(diphenylphosphino)biphenyl",L6,C1(C2=C(P(C3=CC=CC=C3)C4=CC=CC=C4)C=CC=C2)=C(P(C5=CC=CC=C5)C6=CC=CC=C6)C=CC=C1,"4,4'-difluorobenzophenone",1d,O=C(C1=CC=C(F)C=C1)C2=CC=C(F)C=C2,51
54,"2,2'-bis(diphenylphosphino)biphenyl",L6,C1(C2=C(P(C3=CC=CC=C3)C4=CC=CC=C4)C=CC=C2)=C(P(C5=CC=CC=C5)C6=CC=CC=C6)C=CC=C1,acetophenone,1e,CC(C1=CC=CC=C1)=O,21
55,"2,2'-bis(diphenylphosphino)biphenyl",L6,C1(C2=C(P(C3=CC=CC=C3)C4=CC=CC=C4)C=CC=C2)=C(P(C5=CC=CC=C5)C6=CC=CC=C6)C=CC=C1,"2,2,2-trifluoroacetophenone",1f,O=C(C1=CC=CC=C1)C(F)(F)F,96
56,"2,2'-bis(diphenylphosphino)biphenyl",L6,C1(C2=C(P(C3=CC=CC=C3)C4=CC=CC=C4)C=CC=C2)=C(P(C5=CC=CC=C5)C6=CC=CC=C6)C=CC=C1,cyclohexyl_phenyl_ketone,1g,O=C(C1CCCCC1)C2=CC=CC=C2,11
57,"2,2'-bis(diphenylphosphino)biphenyl",L6,C1(C2=C(P(C3=CC=CC=C3)C4=CC=CC=C4)C=CC=C2)=C(P(C5=CC=CC=C5)C6=CC=CC=C6)C=CC=C1,alpha-tetralone,1h,O=C1CCCC2=CC=CC=C21,13
58,"2,2'-bis(diphenylphosphino)biphenyl",L6,C1(C2=C(P(C3=CC=CC=C3)C4=CC=CC=C4)C=CC=C2)=C(P(C5=CC=CC=C5)C6=CC=CC=C6)C=CC=C1,beta-tetralone,1i,O=C1CCC2=CC=CC=C2C1,95
59,"2,2'-bis(diphenylphosphino)biphenyl",L6,C1(C2=C(P(C3=CC=CC=C3)C4=CC=CC=C4)C=CC=C2)=C(P(C5=CC=CC=C5)C6=CC=CC=C6)C=CC=C1,dicyclohexyl_ketone,1j,O=C(C1CCCCC1)C2CCCCC2,3
60,"1,8-bis(diphenylphosphino)naphthalene",L7,C12=CC=CC(P(C3=CC=CC=C3)C4=CC=CC=C4)=C1C(P(C5=CC=CC=C5)C6=CC=CC=C6)=CC=C2,benzophenone,1a,O=C(C1=CC=CC=C1)C2=CC=CC=C2,31
61,"1,8-bis(diphenylphosphino)naphthalene",L7,C12=CC=CC(P(C3=CC=CC=C3)C4=CC=CC=C4)=C1C(P(C5=CC=CC=C5)C6=CC=CC=C6)=CC=C2,"4,4'-dimethylbenzophenone",1b,O=C(C1=CC=C(C)C=C1)C2=CC=C(C)C=C2,6
62,"1,8-bis(diphenylphosphino)naphthalene",L7,C12=CC=CC(P(C3=CC=CC=C3)C4=CC=CC=C4)=C1C(P(C5=CC=CC=C5)C6=CC=CC=C6)=CC=C2,"4,4'-dimethoxybenzophenone",1c,O=C(C1=CC=C(C=C1)OC)C2=CC=C(C=C2)OC,4
63,"1,8-bis(diphenylphosphino)naphthalene",L7,C12=CC=CC(P(C3=CC=CC=C3)C4=CC=CC=C4)=C1C(P(C5=CC=CC=C5)C6=CC=CC=C6)=CC=C2,"4,4'-difluorobenzophenone",1d,O=C(C1=CC=C(F)C=C1)C2=CC=C(F)C=C2,17
64,"1,8-bis(diphenylphosphino)naphthalene",L7,C12=CC=CC(P(C3=CC=CC=C3)C4=CC=CC=C4)=C1C(P(C5=CC=CC=C5)C6=CC=CC=C6)=CC=C2,acetophenone,1e,CC(C1=CC=CC=C1)=O,14
65,"1,8-bis(diphenylphosphino)naphthalene",L7,C12=CC=CC(P(C3=CC=CC=C3)C4=CC=CC=C4)=C1C(P(C5=CC=CC=C5)C6=CC=CC=C6)=CC=C2,"2,2,2-trifluoroacetophenone",1f,O=C(C1=CC=CC=C1)C(F)(F)F,73
66,"1,8-bis(diphenylphosphino)naphthalene",L7,C12=CC=CC(P(C3=CC=CC=C3)C4=CC=CC=C4)=C1C(P(C5=CC=CC=C5)C6=CC=CC=C6)=CC=C2,cyclohexyl_phenyl_ketone,1g,O=C(C1CCCCC1)C2=CC=CC=C2,5
67,"1,8-bis(diphenylphosphino)naphthalene",L7,C12=CC=CC(P(C3=CC=CC=C3)C4=CC=CC=C4)=C1C(P(C5=CC=CC=C5)C6=CC=CC=C6)=CC=C2,alpha-tetralone,1h,O=C1CCCC2=CC=CC=C21,7
68,"1,8-bis(diphenylphosphino)naphthalene",L7,C12=CC=CC(P(C3=CC=CC=C3)C4=CC=CC=C4)=C1C(P(C5=CC=CC=C5)C6=CC=CC=C6)=CC=C2,beta-tetralone,1i,O=C1CCC2=CC=CC=C2C1,36
69,"1,8-bis(diphenylphosphino)naphthalene",L7,C12=CC=CC(P(C3=CC=CC=C3)C4=CC=CC=C4)=C1C(P(C5=CC=CC=C5)C6=CC=CC=C6)=CC=C2,dicyclohexyl_ketone,1j,O=C(C1CCCCC1)C2CCCCC2,0
70,bis[2-(diphenylphosphino)phenyl]_ether,L8,C1(OC2=CC=CC=C2P(C3=CC=CC=C3)C4=CC=CC=C4)=C(P(C5=CC=CC=C5)C6=CC=CC=C6)C=CC=C1,benzophenone,1a,O=C(C1=CC=CC=C1)C2=CC=CC=C2,99
71,bis[2-(diphenylphosphino)phenyl]_ether,L8,C1(OC2=CC=CC=C2P(C3=CC=CC=C3)C4=CC=CC=C4)=C(P(C5=CC=CC=C5)C6=CC=CC=C6)C=CC=C1,"4,4'-dimethylbenzophenone",1b,O=C(C1=CC=C(C)C=C1)C2=CC=C(C)C=C2,99
72,bis[2-(diphenylphosphino)phenyl]_ether,L8,C1(OC2=CC=CC=C2P(C3=CC=CC=C3)C4=CC=CC=C4)=C(P(C5=CC=CC=C5)C6=CC=CC=C6)C=CC=C1,"4,4'-dimethoxybenzophenone",1c,O=C(C1=CC=C(C=C1)OC)C2=CC=C(C=C2)OC,85
73,bis[2-(diphenylphosphino)phenyl]_ether,L8,C1(OC2=CC=CC=C2P(C3=CC=CC=C3)C4=CC=CC=C4)=C(P(C5=CC=CC=C5)C6=CC=CC=C6)C=CC=C1,"4,4'-difluorobenzophenone",1d,O=C(C1=CC=C(F)C=C1)C2=CC=C(F)C=C2,99
74,bis[2-(diphenylphosphino)phenyl]_ether,L8,C1(OC2=CC=CC=C2P(C3=CC=CC=C3)C4=CC=CC=C4)=C(P(C5=CC=CC=C5)C6=CC=CC=C6)C=CC=C1,acetophenone,1e,CC(C1=CC=CC=C1)=O,86
75,bis[2-(diphenylphosphino)phenyl]_ether,L8,C1(OC2=CC=CC=C2P(C3=CC=CC=C3)C4=CC=CC=C4)=C(P(C5=CC=CC=C5)C6=CC=CC=C6)C=CC=C1,"2,2,2-trifluoroacetophenone",1f,O=C(C1=CC=CC=C1)C(F)(F)F,91
76,bis[2-(diphenylphosphino)phenyl]_ether,L8,C1(OC2=CC=CC=C2P(C3=CC=CC=C3)C4=CC=CC=C4)=C(P(C5=CC=CC=C5)C6=CC=CC=C6)C=CC=C1,cyclohexyl_phenyl_ketone,1g,O=C(C1CCCCC1)C2=CC=CC=C2,98
77,bis[2-(diphenylphosphino)phenyl]_ether,L8,C1(OC2=CC=CC=C2P(C3=CC=CC=C3)C4=CC=CC=C4)=C(P(C5=CC=CC=C5)C6=CC=CC=C6)C=CC=C1,alpha-tetralone,1h,O=C1CCCC2=CC=CC=C21,39
78,bis[2-(diphenylphosphino)phenyl]_ether,L8,C1(OC2=CC=CC=C2P(C3=CC=CC=C3)C4=CC=CC=C4)=C(P(C5=CC=CC=C5)C6=CC=CC=C6)C=CC=C1,beta-tetralone,1i,O=C1CCC2=CC=CC=C2C1,94
79,bis[2-(diphenylphosphino)phenyl]_ether,L8,C1(OC2=CC=CC=C2P(C3=CC=CC=C3)C4=CC=CC=C4)=C(P(C5=CC=CC=C5)C6=CC=CC=C6)C=CC=C1,dicyclohexyl_ketone,1j,O=C(C1CCCCC1)C2CCCCC2,18
80,xantphos,L9,CC1(C)C2=CC=CC(P(C3=CC=CC=C3)C4=CC=CC=C4)=C2OC5=C1C=CC=C5P(C6=CC=CC=C6)C7=CC=CC=C7,benzophenone,1a,O=C(C1=CC=CC=C1)C2=CC=CC=C2,96
81,xantphos,L9,CC1(C)C2=CC=CC(P(C3=CC=CC=C3)C4=CC=CC=C4)=C2OC5=C1C=CC=C5P(C6=CC=CC=C6)C7=CC=CC=C7,"4,4'-dimethylbenzophenone",1b,O=C(C1=CC=C(C)C=C1)C2=CC=C(C)C=C2,99
82,xantphos,L9,CC1(C)C2=CC=CC(P(C3=CC=CC=C3)C4=CC=CC=C4)=C2OC5=C1C=CC=C5P(C6=CC=CC=C6)C7=CC=CC=C7,"4,4'-dimethoxybenzophenone",1c,O=C(C1=CC=C(C=C1)OC)C2=CC=C(C=C2)OC,88
83,xantphos,L9,CC1(C)C2=CC=CC(P(C3=CC=CC=C3)C4=CC=CC=C4)=C2OC5=C1C=CC=C5P(C6=CC=CC=C6)C7=CC=CC=C7,"4,4'-difluorobenzophenone",1d,O=C(C1=CC=C(F)C=C1)C2=CC=C(F)C=C2,99
84,xantphos,L9,CC1(C)C2=CC=CC(P(C3=CC=CC=C3)C4=CC=CC=C4)=C2OC5=C1C=CC=C5P(C6=CC=CC=C6)C7=CC=CC=C7,acetophenone,1e,CC(C1=CC=CC=C1)=O,70
85,xantphos,L9,CC1(C)C2=CC=CC(P(C3=CC=CC=C3)C4=CC=CC=C4)=C2OC5=C1C=CC=C5P(C6=CC=CC=C6)C7=CC=CC=C7,"2,2,2-trifluoroacetophenone",1f,O=C(C1=CC=CC=C1)C(F)(F)F,90
86,xantphos,L9,CC1(C)C2=CC=CC(P(C3=CC=CC=C3)C4=CC=CC=C4)=C2OC5=C1C=CC=C5P(C6=CC=CC=C6)C7=CC=CC=C7,cyclohexyl_phenyl_ketone,1g,O=C(C1CCCCC1)C2=CC=CC=C2,96
87,xantphos,L9,CC1(C)C2=CC=CC(P(C3=CC=CC=C3)C4=CC=CC=C4)=C2OC5=C1C=CC=C5P(C6=CC=CC=C6)C7=CC=CC=C7,alpha-tetralone,1h,O=C1CCCC2=CC=CC=C21,19
88,xantphos,L9,CC1(C)C2=CC=CC(P(C3=CC=CC=C3)C4=CC=CC=C4)=C2OC5=C1C=CC=C5P(C6=CC=CC=C6)C7=CC=CC=C7,beta-tetralone,1i,O=C1CCC2=CC=CC=C2C1,96
89,xantphos,L9,CC1(C)C2=CC=CC(P(C3=CC=CC=C3)C4=CC=CC=C4)=C2OC5=C1C=CC=C5P(C6=CC=CC=C6)C7=CC=CC=C7,dicyclohexyl_ketone,1j,O=C(C1CCCCC1)C2CCCCC2,27
90,"1,3-bis[(di-tert-butylphosphino)oxy]benzene",L10,CC(P(C(C)(C)C)OC1=CC=CC(OP(C(C)(C)C)C(C)(C)C)=C1)(C)C,benzophenone,1a,O=C(C1=CC=CC=C1)C2=CC=CC=C2,3
91,"1,3-bis[(di-tert-butylphosphino)oxy]benzene",L10,CC(P(C(C)(C)C)OC1=CC=CC(OP(C(C)(C)C)C(C)(C)C)=C1)(C)C,"4,4'-dimethylbenzophenone",1b,O=C(C1=CC=C(C)C=C1)C2=CC=C(C)C=C2,2
92,"1,3-bis[(di-tert-butylphosphino)oxy]benzene",L10,CC(P(C(C)(C)C)OC1=CC=CC(OP(C(C)(C)C)C(C)(C)C)=C1)(C)C,"4,4'-dimethoxybenzophenone",1c,O=C(C1=CC=C(C=C1)OC)C2=CC=C(C=C2)OC,1
93,"1,3-bis[(di-tert-butylphosphino)oxy]benzene",L10,CC(P(C(C)(C)C)OC1=CC=CC(OP(C(C)(C)C)C(C)(C)C)=C1)(C)C,"4,4'-difluorobenzophenone",1d,O=C(C1=CC=C(F)C=C1)C2=CC=C(F)C=C2,3
94,"1,3-bis[(di-tert-butylphosphino)oxy]benzene",L10,CC(P(C(C)(C)C)OC1=CC=CC(OP(C(C)(C)C)C(C)(C)C)=C1)(C)C,acetophenone,1e,CC(C1=CC=CC=C1)=O,4
95,"1,3-bis[(di-tert-butylphosphino)oxy]benzene",L10,CC(P(C(C)(C)C)OC1=CC=CC(OP(C(C)(C)C)C(C)(C)C)=C1)(C)C,"2,2,2-trifluoroacetophenone",1f,O=C(C1=CC=CC=C1)C(F)(F)F,76
96,"1,3-bis[(di-tert-butylphosphino)oxy]benzene",L10,CC(P(C(C)(C)C)OC1=CC=CC(OP(C(C)(C)C)C(C)(C)C)=C1)(C)C,cyclohexyl_phenyl_ketone,1g,O=C(C1CCCCC1)C2=CC=CC=C2,2
97,"1,3-bis[(di-tert-butylphosphino)oxy]benzene",L10,CC(P(C(C)(C)C)OC1=CC=CC(OP(C(C)(C)C)C(C)(C)C)=C1)(C)C,alpha-tetralone,1h,O=C1CCCC2=CC=CC=C21,1
98,"1,3-bis[(di-tert-butylphosphino)oxy]benzene",L10,CC(P(C(C)(C)C)OC1=CC=CC(OP(C(C)(C)C)C(C)(C)C)=C1)(C)C,beta-tetralone,1i,O=C1CCC2=CC=CC=C2C1,0
99,"1,3-bis[(di-tert-butylphosphino)oxy]benzene",L10,CC(P(C(C)(C)C)OC1=CC=CC(OP(C(C)(C)C)C(C)(C)C)=C1)(C)C,dicyclohexyl_ketone,1j,O=C(C1CCCCC1)C2CCCCC2,0
100,dppf,L11,C1=CC=C(C=C1)P([C-]2C=CC=C2)C3=CC=CC=C3.C1=CC=C(C=C1)P([C-]2C=CC=C2)C3=CC=CC=C3.[Fe+2],benzophenone,1a,O=C(C1=CC=CC=C1)C2=CC=CC=C2,93
101,dppf,L11,C1=CC=C(C=C1)P([C-]2C=CC=C2)C3=CC=CC=C3.C1=CC=C(C=C1)P([C-]2C=CC=C2)C3=CC=CC=C3.[Fe+2],"4,4'-dimethylbenzophenone",1b,O=C(C1=CC=C(C)C=C1)C2=CC=C(C)C=C2,95
102,dppf,L11,C1=CC=C(C=C1)P([C-]2C=CC=C2)C3=CC=CC=C3.C1=CC=C(C=C1)P([C-]2C=CC=C2)C3=CC=CC=C3.[Fe+2],"4,4'-dimethoxybenzophenone",1c,O=C(C1=CC=C(C=C1)OC)C2=CC=C(C=C2)OC,91
103,dppf,L11,C1=CC=C(C=C1)P([C-]2C=CC=C2)C3=CC=CC=C3.C1=CC=C(C=C1)P([C-]2C=CC=C2)C3=CC=CC=C3.[Fe+2],"4,4'-difluorobenzophenone",1d,O=C(C1=CC=C(F)C=C1)C2=CC=C(F)C=C2,88
104,dppf,L11,C1=CC=C(C=C1)P([C-]2C=CC=C2)C3=CC=CC=C3.C1=CC=C(C=C1)P([C-]2C=CC=C2)C3=CC=CC=C3.[Fe+2],acetophenone,1e,CC(C1=CC=CC=C1)=O,80
105,dppf,L11,C1=CC=C(C=C1)P([C-]2C=CC=C2)C3=CC=CC=C3.C1=CC=C(C=C1)P([C-]2C=CC=C2)C3=CC=CC=C3.[Fe+2],"2,2,2-trifluoroacetophenone",1f,O=C(C1=CC=CC=C1)C(F)(F)F,86
106,dppf,L11,C1=CC=C(C=C1)P([C-]2C=CC=C2)C3=CC=CC=C3.C1=CC=C(C=C1)P([C-]2C=CC=C2)C3=CC=CC=C3.[Fe+2],cyclohexyl_phenyl_ketone,1g,O=C(C1CCCCC1)C2=CC=CC=C2,93
107,dppf,L11,C1=CC=C(C=C1)P([C-]2C=CC=C2)C3=CC=CC=C3.C1=CC=C(C=C1)P([C-]2C=CC=C2)C3=CC=CC=C3.[Fe+2],alpha-tetralone,1h,O=C1CCCC2=CC=CC=C21,15
108,dppf,L11,C1=CC=C(C=C1)P([C-]2C=CC=C2)C3=CC=CC=C3.C1=CC=C(C=C1)P([C-]2C=CC=C2)C3=CC=CC=C3.[Fe+2],beta-tetralone,1i,O=C1CCC2=CC=CC=C2C1,95
109,dppf,L11,C1=CC=C(C=C1)P([C-]2C=CC=C2)C3=CC=CC=C3.C1=CC=C(C=C1)P([C-]2C=CC=C2)C3=CC=CC=C3.[Fe+2],dicyclohexyl_ketone,1j,O=C(C1CCCCC1)C2CCCCC2,18
110,triphenylphosphine,L12,P(C1=CC=CC=C1)(C2=CC=CC=C2)C3=CC=CC=C3,benzophenone,1a,O=C(C1=CC=CC=C1)C2=CC=CC=C2,85
111,triphenylphosphine,L12,P(C1=CC=CC=C1)(C2=CC=CC=C2)C3=CC=CC=C3,"4,4'-dimethylbenzophenone",1b,O=C(C1=CC=C(C)C=C1)C2=CC=C(C)C=C2,57
112,triphenylphosphine,L12,P(C1=CC=CC=C1)(C2=CC=CC=C2)C3=CC=CC=C3,"4,4'-dimethoxybenzophenone",1c,O=C(C1=CC=C(C=C1)OC)C2=CC=C(C=C2)OC,31
113,triphenylphosphine,L12,P(C1=CC=CC=C1)(C2=CC=CC=C2)C3=CC=CC=C3,"4,4'-difluorobenzophenone",1d,O=C(C1=CC=C(F)C=C1)C2=CC=C(F)C=C2,96
114,triphenylphosphine,L12,P(C1=CC=CC=C1)(C2=CC=CC=C2)C3=CC=CC=C3,acetophenone,1e,CC(C1=CC=CC=C1)=O,46
115,triphenylphosphine,L12,P(C1=CC=CC=C1)(C2=CC=CC=C2)C3=CC=CC=C3,"2,2,2-trifluoroacetophenone",1f,O=C(C1=CC=CC=C1)C(F)(F)F,88
116,triphenylphosphine,L12,P(C1=CC=CC=C1)(C2=CC=CC=C2)C3=CC=CC=C3,cyclohexyl_phenyl_ketone,1g,O=C(C1CCCCC1)C2=CC=CC=C2,58
117,triphenylphosphine,L12,P(C1=CC=CC=C1)(C2=CC=CC=C2)C3=CC=CC=C3,alpha-tetralone,1h,O=C1CCCC2=CC=CC=C21,26
118,triphenylphosphine,L12,P(C1=CC=CC=C1)(C2=CC=CC=C2)C3=CC=CC=C3,beta-tetralone,1i,O=C1CCC2=CC=CC=C2C1,93
119,triphenylphosphine,L12,P(C1=CC=CC=C1)(C2=CC=CC=C2)C3=CC=CC=C3,dicyclohexyl_ketone,1j,O=C(C1CCCCC1)C2CCCCC2,4
120,tri(p-tolyl)phosphine,L13,CC(C=C1)=CC=C1P(C2=CC=C(C)C=C2)C3=CC=C(C)C=C3,benzophenone,1a,O=C(C1=CC=CC=C1)C2=CC=CC=C2,84
121,tri(p-tolyl)phosphine,L13,CC(C=C1)=CC=C1P(C2=CC=C(C)C=C2)C3=CC=C(C)C=C3,"4,4'-dimethylbenzophenone",1b,O=C(C1=CC=C(C)C=C1)C2=CC=C(C)C=C2,54
122,tri(p-tolyl)phosphine,L13,CC(C=C1)=CC=C1P(C2=CC=C(C)C=C2)C3=CC=C(C)C=C3,"4,4'-dimethoxybenzophenone",1c,O=C(C1=CC=C(C=C1)OC)C2=CC=C(C=C2)OC,34
123,tri(p-tolyl)phosphine,L13,CC(C=C1)=CC=C1P(C2=CC=C(C)C=C2)C3=CC=C(C)C=C3,"4,4'-difluorobenzophenone",1d,O=C(C1=CC=C(F)C=C1)C2=CC=C(F)C=C2,96
124,tri(p-tolyl)phosphine,L13,CC(C=C1)=CC=C1P(C2=CC=C(C)C=C2)C3=CC=C(C)C=C3,acetophenone,1e,CC(C1=CC=CC=C1)=O,48
125,tri(p-tolyl)phosphine,L13,CC(C=C1)=CC=C1P(C2=CC=C(C)C=C2)C3=CC=C(C)C=C3,"2,2,2-trifluoroacetophenone",1f,O=C(C1=CC=CC=C1)C(F)(F)F,88
126,tri(p-tolyl)phosphine,L13,CC(C=C1)=CC=C1P(C2=CC=C(C)C=C2)C3=CC=C(C)C=C3,cyclohexyl_phenyl_ketone,1g,O=C(C1CCCCC1)C2=CC=CC=C2,53
127,tri(p-tolyl)phosphine,L13,CC(C=C1)=CC=C1P(C2=CC=C(C)C=C2)C3=CC=C(C)C=C3,alpha-tetralone,1h,O=C1CCCC2=CC=CC=C21,22
128,tri(p-tolyl)phosphine,L13,CC(C=C1)=CC=C1P(C2=CC=C(C)C=C2)C3=CC=C(C)C=C3,beta-tetralone,1i,O=C1CCC2=CC=CC=C2C1,98
129,tri(p-tolyl)phosphine,L13,CC(C=C1)=CC=C1P(C2=CC=C(C)C=C2)C3=CC=C(C)C=C3,dicyclohexyl_ketone,1j,O=C(C1CCCCC1)C2CCCCC2,3
130,tri(m-tolyl)phosphine,L14,CC1=CC(P(C2=CC=CC(C)=C2)C3=CC=CC(C)=C3)=CC=C1,benzophenone,1a,O=C(C1=CC=CC=C1)C2=CC=CC=C2,92
131,tri(m-tolyl)phosphine,L14,CC1=CC(P(C2=CC=CC(C)=C2)C3=CC=CC(C)=C3)=CC=C1,"4,4'-dimethylbenzophenone",1b,O=C(C1=CC=C(C)C=C1)C2=CC=C(C)C=C2,68
132,tri(m-tolyl)phosphine,L14,CC1=CC(P(C2=CC=CC(C)=C2)C3=CC=CC(C)=C3)=CC=C1,"4,4'-dimethoxybenzophenone",1c,O=C(C1=CC=C(C=C1)OC)C2=CC=C(C=C2)OC,45
133,tri(m-tolyl)phosphine,L14,CC1=CC(P(C2=CC=CC(C)=C2)C3=CC=CC(C)=C3)=CC=C1,"4,4'-difluorobenzophenone",1d,O=C(C1=CC=C(F)C=C1)C2=CC=C(F)C=C2,94
134,tri(m-tolyl)phosphine,L14,CC1=CC(P(C2=CC=CC(C)=C2)C3=CC=CC(C)=C3)=CC=C1,acetophenone,1e,CC(C1=CC=CC=C1)=O,55
135,tri(m-tolyl)phosphine,L14,CC1=CC(P(C2=CC=CC(C)=C2)C3=CC=CC(C)=C3)=CC=C1,"2,2,2-trifluoroacetophenone",1f,O=C(C1=CC=CC=C1)C(F)(F)F,89
136,tri(m-tolyl)phosphine,L14,CC1=CC(P(C2=CC=CC(C)=C2)C3=CC=CC(C)=C3)=CC=C1,cyclohexyl_phenyl_ketone,1g,O=C(C1CCCCC1)C2=CC=CC=C2,58
137,tri(m-tolyl)phosphine,L14,CC1=CC(P(C2=CC=CC(C)=C2)C3=CC=CC(C)=C3)=CC=C1,alpha-tetralone,1h,O=C1CCCC2=CC=CC=C21,34
138,tri(m-tolyl)phosphine,L14,CC1=CC(P(C2=CC=CC(C)=C2)C3=CC=CC(C)=C3)=CC=C1,beta-tetralone,1i,O=C1CCC2=CC=CC=C2C1,95
139,tri(m-tolyl)phosphine,L14,CC1=CC(P(C2=CC=CC(C)=C2)C3=CC=CC(C)=C3)=CC=C1,dicyclohexyl_ketone,1j,O=C(C1CCCCC1)C2CCCCC2,6
140,tri(o-tolyl)phosphine ,L15,CC(C=CC=C1)=C1P(C2=CC=CC=C2C)C3=C(C)C=CC=C3,benzophenone,1a,O=C(C1=CC=CC=C1)C2=CC=CC=C2,4
141,tri(o-tolyl)phosphine ,L15,CC(C=CC=C1)=C1P(C2=CC=CC=C2C)C3=C(C)C=CC=C3,"4,4'-dimethylbenzophenone",1b,O=C(C1=CC=C(C)C=C1)C2=CC=C(C)C=C2,2
142,tri(o-tolyl)phosphine ,L15,CC(C=CC=C1)=C1P(C2=CC=CC=C2C)C3=C(C)C=CC=C3,"4,4'-dimethoxybenzophenone",1c,O=C(C1=CC=C(C=C1)OC)C2=CC=C(C=C2)OC,0
143,tri(o-tolyl)phosphine ,L15,CC(C=CC=C1)=C1P(C2=CC=CC=C2C)C3=C(C)C=CC=C3,"4,4'-difluorobenzophenone",1d,O=C(C1=CC=C(F)C=C1)C2=CC=C(F)C=C2,0
144,tri(o-tolyl)phosphine ,L15,CC(C=CC=C1)=C1P(C2=CC=CC=C2C)C3=C(C)C=CC=C3,acetophenone,1e,CC(C1=CC=CC=C1)=O,0
145,tri(o-tolyl)phosphine ,L15,CC(C=CC=C1)=C1P(C2=CC=CC=C2C)C3=C(C)C=CC=C3,"2,2,2-trifluoroacetophenone",1f,O=C(C1=CC=CC=C1)C(F)(F)F,14
146,tri(o-tolyl)phosphine ,L15,CC(C=CC=C1)=C1P(C2=CC=CC=C2C)C3=C(C)C=CC=C3,cyclohexyl_phenyl_ketone,1g,O=C(C1CCCCC1)C2=CC=CC=C2,1
147,tri(o-tolyl)phosphine ,L15,CC(C=CC=C1)=C1P(C2=CC=CC=C2C)C3=C(C)C=CC=C3,alpha-tetralone,1h,O=C1CCCC2=CC=CC=C21,2
148,tri(o-tolyl)phosphine ,L15,CC(C=CC=C1)=C1P(C2=CC=CC=C2C)C3=C(C)C=CC=C3,beta-tetralone,1i,O=C1CCC2=CC=CC=C2C1,7
149,tri(o-tolyl)phosphine ,L15,CC(C=CC=C1)=C1P(C2=CC=CC=C2C)C3=C(C)C=CC=C3,dicyclohexyl_ketone,1j,O=C(C1CCCCC1)C2CCCCC2,0
150,"tris(3,5-dimethylphenyl)phosphine",L16,CC1=CC(C)=CC(P(C2=CC(C)=CC(C)=C2)C3=CC(C)=CC(C)=C3)=C1,benzophenone,1a,O=C(C1=CC=CC=C1)C2=CC=CC=C2,97
151,"tris(3,5-dimethylphenyl)phosphine",L16,CC1=CC(C)=CC(P(C2=CC(C)=CC(C)=C2)C3=CC(C)=CC(C)=C3)=C1,"4,4'-dimethylbenzophenone",1b,O=C(C1=CC=C(C)C=C1)C2=CC=C(C)C=C2,76
152,"tris(3,5-dimethylphenyl)phosphine",L16,CC1=CC(C)=CC(P(C2=CC(C)=CC(C)=C2)C3=CC(C)=CC(C)=C3)=C1,"4,4'-dimethoxybenzophenone",1c,O=C(C1=CC=C(C=C1)OC)C2=CC=C(C=C2)OC,58
153,"tris(3,5-dimethylphenyl)phosphine",L16,CC1=CC(C)=CC(P(C2=CC(C)=CC(C)=C2)C3=CC(C)=CC(C)=C3)=C1,"4,4'-difluorobenzophenone",1d,O=C(C1=CC=C(F)C=C1)C2=CC=C(F)C=C2,94
154,"tris(3,5-dimethylphenyl)phosphine",L16,CC1=CC(C)=CC(P(C2=CC(C)=CC(C)=C2)C3=CC(C)=CC(C)=C3)=C1,acetophenone,1e,CC(C1=CC=CC=C1)=O,73
155,"tris(3,5-dimethylphenyl)phosphine",L16,CC1=CC(C)=CC(P(C2=CC(C)=CC(C)=C2)C3=CC(C)=CC(C)=C3)=C1,"2,2,2-trifluoroacetophenone",1f,O=C(C1=CC=CC=C1)C(F)(F)F,87
156,"tris(3,5-dimethylphenyl)phosphine",L16,CC1=CC(C)=CC(P(C2=CC(C)=CC(C)=C2)C3=CC(C)=CC(C)=C3)=C1,cyclohexyl_phenyl_ketone,1g,O=C(C1CCCCC1)C2=CC=CC=C2,63
157,"tris(3,5-dimethylphenyl)phosphine",L16,CC1=CC(C)=CC(P(C2=CC(C)=CC(C)=C2)C3=CC(C)=CC(C)=C3)=C1,alpha-tetralone,1h,O=C1CCCC2=CC=CC=C21,42
158,"tris(3,5-dimethylphenyl)phosphine",L16,CC1=CC(C)=CC(P(C2=CC(C)=CC(C)=C2)C3=CC(C)=CC(C)=C3)=C1,beta-tetralone,1i,O=C1CCC2=CC=CC=C2C1,91
159,"tris(3,5-dimethylphenyl)phosphine",L16,CC1=CC(C)=CC(P(C2=CC(C)=CC(C)=C2)C3=CC(C)=CC(C)=C3)=C1,dicyclohexyl_ketone,1j,O=C(C1CCCCC1)C2CCCCC2,9
160,tris(4-methoxyphenyl)phosphine,L17,COC(C=C1)=CC=C1P(C2=CC=C(OC)C=C2)C3=CC=C(OC)C=C3,benzophenone,1a,O=C(C1=CC=CC=C1)C2=CC=CC=C2,82
161,tris(4-methoxyphenyl)phosphine,L17,COC(C=C1)=CC=C1P(C2=CC=C(OC)C=C2)C3=CC=C(OC)C=C3,"4,4'-dimethylbenzophenone",1b,O=C(C1=CC=C(C)C=C1)C2=CC=C(C)C=C2,64
162,tris(4-methoxyphenyl)phosphine,L17,COC(C=C1)=CC=C1P(C2=CC=C(OC)C=C2)C3=CC=C(OC)C=C3,"4,4'-dimethoxybenzophenone",1c,O=C(C1=CC=C(C=C1)OC)C2=CC=C(C=C2)OC,33
163,tris(4-methoxyphenyl)phosphine,L17,COC(C=C1)=CC=C1P(C2=CC=C(OC)C=C2)C3=CC=C(OC)C=C3,"4,4'-difluorobenzophenone",1d,O=C(C1=CC=C(F)C=C1)C2=CC=C(F)C=C2,98
164,tris(4-methoxyphenyl)phosphine,L17,COC(C=C1)=CC=C1P(C2=CC=C(OC)C=C2)C3=CC=C(OC)C=C3,acetophenone,1e,CC(C1=CC=CC=C1)=O,56
165,tris(4-methoxyphenyl)phosphine,L17,COC(C=C1)=CC=C1P(C2=CC=C(OC)C=C2)C3=CC=C(OC)C=C3,"2,2,2-trifluoroacetophenone",1f,O=C(C1=CC=CC=C1)C(F)(F)F,85
166,tris(4-methoxyphenyl)phosphine,L17,COC(C=C1)=CC=C1P(C2=CC=C(OC)C=C2)C3=CC=C(OC)C=C3,cyclohexyl_phenyl_ketone,1g,O=C(C1CCCCC1)C2=CC=CC=C2,49
167,tris(4-methoxyphenyl)phosphine,L17,COC(C=C1)=CC=C1P(C2=CC=C(OC)C=C2)C3=CC=C(OC)C=C3,alpha-tetralone,1h,O=C1CCCC2=CC=CC=C21,24
168,tris(4-methoxyphenyl)phosphine,L17,COC(C=C1)=CC=C1P(C2=CC=C(OC)C=C2)C3=CC=C(OC)C=C3,beta-tetralone,1i,O=C1CCC2=CC=CC=C2C1,99
169,tris(4-methoxyphenyl)phosphine,L17,COC(C=C1)=CC=C1P(C2=CC=C(OC)C=C2)C3=CC=C(OC)C=C3,dicyclohexyl_ketone,1j,O=C(C1CCCCC1)C2CCCCC2,2
170,tris(o-methoxyphenyl)phosphine,L18,COC(C=CC=C1)=C1P(C2=C(OC)C=CC=C2)C3=C(OC)C=CC=C3,benzophenone,1a,O=C(C1=CC=CC=C1)C2=CC=CC=C2,18
171,tris(o-methoxyphenyl)phosphine,L18,COC(C=CC=C1)=C1P(C2=C(OC)C=CC=C2)C3=C(OC)C=CC=C3,"4,4'-dimethylbenzophenone",1b,O=C(C1=CC=C(C)C=C1)C2=CC=C(C)C=C2,11
172,tris(o-methoxyphenyl)phosphine,L18,COC(C=CC=C1)=C1P(C2=C(OC)C=CC=C2)C3=C(OC)C=CC=C3,"4,4'-dimethoxybenzophenone",1c,O=C(C1=CC=C(C=C1)OC)C2=CC=C(C=C2)OC,12
173,tris(o-methoxyphenyl)phosphine,L18,COC(C=CC=C1)=C1P(C2=C(OC)C=CC=C2)C3=C(OC)C=CC=C3,"4,4'-difluorobenzophenone",1d,O=C(C1=CC=C(F)C=C1)C2=CC=C(F)C=C2,24
174,tris(o-methoxyphenyl)phosphine,L18,COC(C=CC=C1)=C1P(C2=C(OC)C=CC=C2)C3=C(OC)C=CC=C3,acetophenone,1e,CC(C1=CC=CC=C1)=O,15
175,tris(o-methoxyphenyl)phosphine,L18,COC(C=CC=C1)=C1P(C2=C(OC)C=CC=C2)C3=C(OC)C=CC=C3,"2,2,2-trifluoroacetophenone",1f,O=C(C1=CC=CC=C1)C(F)(F)F,90
176,tris(o-methoxyphenyl)phosphine,L18,COC(C=CC=C1)=C1P(C2=C(OC)C=CC=C2)C3=C(OC)C=CC=C3,cyclohexyl_phenyl_ketone,1g,O=C(C1CCCCC1)C2=CC=CC=C2,5
177,tris(o-methoxyphenyl)phosphine,L18,COC(C=CC=C1)=C1P(C2=C(OC)C=CC=C2)C3=C(OC)C=CC=C3,alpha-tetralone,1h,O=C1CCCC2=CC=CC=C21,5
178,tris(o-methoxyphenyl)phosphine,L18,COC(C=CC=C1)=C1P(C2=C(OC)C=CC=C2)C3=C(OC)C=CC=C3,beta-tetralone,1i,O=C1CCC2=CC=CC=C2C1,78
179,tris(o-methoxyphenyl)phosphine,L18,COC(C=CC=C1)=C1P(C2=C(OC)C=CC=C2)C3=C(OC)C=CC=C3,dicyclohexyl_ketone,1j,O=C(C1CCCCC1)C2CCCCC2,0
180,"tris(2,6-dimethoxyphenyl)phosphine",L19,COC(C=CC=C1OC)=C1P(C2=C(OC)C=CC=C2OC)C3=C(OC)C=CC=C3OC,benzophenone,1a,O=C(C1=CC=CC=C1)C2=CC=CC=C2,8
181,"tris(2,6-dimethoxyphenyl)phosphine",L19,COC(C=CC=C1OC)=C1P(C2=C(OC)C=CC=C2OC)C3=C(OC)C=CC=C3OC,"4,4'-dimethylbenzophenone",1b,O=C(C1=CC=C(C)C=C1)C2=CC=C(C)C=C2,6
182,"tris(2,6-dimethoxyphenyl)phosphine",L19,COC(C=CC=C1OC)=C1P(C2=C(OC)C=CC=C2OC)C3=C(OC)C=CC=C3OC,"4,4'-dimethoxybenzophenone",1c,O=C(C1=CC=C(C=C1)OC)C2=CC=C(C=C2)OC,5
183,"tris(2,6-dimethoxyphenyl)phosphine",L19,COC(C=CC=C1OC)=C1P(C2=C(OC)C=CC=C2OC)C3=C(OC)C=CC=C3OC,"4,4'-difluorobenzophenone",1d,O=C(C1=CC=C(F)C=C1)C2=CC=C(F)C=C2,6
184,"tris(2,6-dimethoxyphenyl)phosphine",L19,COC(C=CC=C1OC)=C1P(C2=C(OC)C=CC=C2OC)C3=C(OC)C=CC=C3OC,acetophenone,1e,CC(C1=CC=CC=C1)=O,6
185,"tris(2,6-dimethoxyphenyl)phosphine",L19,COC(C=CC=C1OC)=C1P(C2=C(OC)C=CC=C2OC)C3=C(OC)C=CC=C3OC,"2,2,2-trifluoroacetophenone",1f,O=C(C1=CC=CC=C1)C(F)(F)F,63
186,"tris(2,6-dimethoxyphenyl)phosphine",L19,COC(C=CC=C1OC)=C1P(C2=C(OC)C=CC=C2OC)C3=C(OC)C=CC=C3OC,cyclohexyl_phenyl_ketone,1g,O=C(C1CCCCC1)C2=CC=CC=C2,2
187,"tris(2,6-dimethoxyphenyl)phosphine",L19,COC(C=CC=C1OC)=C1P(C2=C(OC)C=CC=C2OC)C3=C(OC)C=CC=C3OC,alpha-tetralone,1h,O=C1CCCC2=CC=CC=C21,3
188,"tris(2,6-dimethoxyphenyl)phosphine",L19,COC(C=CC=C1OC)=C1P(C2=C(OC)C=CC=C2OC)C3=C(OC)C=CC=C3OC,beta-tetralone,1i,O=C1CCC2=CC=CC=C2C1,45
189,"tris(2,6-dimethoxyphenyl)phosphine",L19,COC(C=CC=C1OC)=C1P(C2=C(OC)C=CC=C2OC)C3=C(OC)C=CC=C3OC,dicyclohexyl_ketone,1j,O=C(C1CCCCC1)C2CCCCC2,0
190,tris(4-fluorophenyl)phosphine,L20,FC(C=C1)=CC=C1P(C2=CC=C(F)C=C2)C3=CC=C(F)C=C3,benzophenone,1a,O=C(C1=CC=CC=C1)C2=CC=CC=C2,99
191,tris(4-fluorophenyl)phosphine,L20,FC(C=C1)=CC=C1P(C2=CC=C(F)C=C2)C3=CC=C(F)C=C3,"4,4'-dimethylbenzophenone",1b,O=C(C1=CC=C(C)C=C1)C2=CC=C(C)C=C2,76
192,tris(4-fluorophenyl)phosphine,L20,FC(C=C1)=CC=C1P(C2=CC=C(F)C=C2)C3=CC=C(F)C=C3,"4,4'-dimethoxybenzophenone",1c,O=C(C1=CC=C(C=C1)OC)C2=CC=C(C=C2)OC,42
193,tris(4-fluorophenyl)phosphine,L20,FC(C=C1)=CC=C1P(C2=CC=C(F)C=C2)C3=CC=C(F)C=C3,"4,4'-difluorobenzophenone",1d,O=C(C1=CC=C(F)C=C1)C2=CC=C(F)C=C2,95
194,tris(4-fluorophenyl)phosphine,L20,FC(C=C1)=CC=C1P(C2=CC=C(F)C=C2)C3=CC=C(F)C=C3,acetophenone,1e,CC(C1=CC=CC=C1)=O,48
195,tris(4-fluorophenyl)phosphine,L20,FC(C=C1)=CC=C1P(C2=CC=C(F)C=C2)C3=CC=C(F)C=C3,"2,2,2-trifluoroacetophenone",1f,O=C(C1=CC=CC=C1)C(F)(F)F,92
196,tris(4-fluorophenyl)phosphine,L20,FC(C=C1)=CC=C1P(C2=CC=C(F)C=C2)C3=CC=C(F)C=C3,cyclohexyl_phenyl_ketone,1g,O=C(C1CCCCC1)C2=CC=CC=C2,52
197,tris(4-fluorophenyl)phosphine,L20,FC(C=C1)=CC=C1P(C2=CC=C(F)C=C2)C3=CC=C(F)C=C3,alpha-tetralone,1h,O=C1CCCC2=CC=CC=C21,20
198,tris(4-fluorophenyl)phosphine,L20,FC(C=C1)=CC=C1P(C2=CC=C(F)C=C2)C3=CC=C(F)C=C3,beta-tetralone,1i,O=C1CCC2=CC=CC=C2C1,92
199,tris(4-fluorophenyl)phosphine,L20,FC(C=C1)=CC=C1P(C2=CC=C(F)C=C2)C3=CC=C(F)C=C3,dicyclohexyl_ketone,1j,O=C(C1CCCCC1)C2CCCCC2,2
200,tris(p-trifluoromethylphenyl)phosphine,L21,FC(C1=CC=C(P(C2=CC=C(C=C2)C(F)(F)F)C3=CC=C(C=C3)C(F)(F)F)C=C1)(F)F,benzophenone,1a,O=C(C1=CC=CC=C1)C2=CC=CC=C2,95
201,tris(p-trifluoromethylphenyl)phosphine,L21,FC(C1=CC=C(P(C2=CC=C(C=C2)C(F)(F)F)C3=CC=C(C=C3)C(F)(F)F)C=C1)(F)F,"4,4'-dimethylbenzophenone",1b,O=C(C1=CC=C(C)C=C1)C2=CC=C(C)C=C2,48
202,tris(p-trifluoromethylphenyl)phosphine,L21,FC(C1=CC=C(P(C2=CC=C(C=C2)C(F)(F)F)C3=CC=C(C=C3)C(F)(F)F)C=C1)(F)F,"4,4'-dimethoxybenzophenone",1c,O=C(C1=CC=C(C=C1)OC)C2=CC=C(C=C2)OC,21
203,tris(p-trifluoromethylphenyl)phosphine,L21,FC(C1=CC=C(P(C2=CC=C(C=C2)C(F)(F)F)C3=CC=C(C=C3)C(F)(F)F)C=C1)(F)F,"4,4'-difluorobenzophenone",1d,O=C(C1=CC=C(F)C=C1)C2=CC=C(F)C=C2,39
204,tris(p-trifluoromethylphenyl)phosphine,L21,FC(C1=CC=C(P(C2=CC=C(C=C2)C(F)(F)F)C3=CC=C(C=C3)C(F)(F)F)C=C1)(F)F,acetophenone,1e,CC(C1=CC=CC=C1)=O,32
205,tris(p-trifluoromethylphenyl)phosphine,L21,FC(C1=CC=C(P(C2=CC=C(C=C2)C(F)(F)F)C3=CC=C(C=C3)C(F)(F)F)C=C1)(F)F,"2,2,2-trifluoroacetophenone",1f,O=C(C1=CC=CC=C1)C(F)(F)F,91
206,tris(p-trifluoromethylphenyl)phosphine,L21,FC(C1=CC=C(P(C2=CC=C(C=C2)C(F)(F)F)C3=CC=C(C=C3)C(F)(F)F)C=C1)(F)F,cyclohexyl_phenyl_ketone,1g,O=C(C1CCCCC1)C2=CC=CC=C2,30
207,tris(p-trifluoromethylphenyl)phosphine,L21,FC(C1=CC=C(P(C2=CC=C(C=C2)C(F)(F)F)C3=CC=C(C=C3)C(F)(F)F)C=C1)(F)F,alpha-tetralone,1h,O=C1CCCC2=CC=CC=C21,19
208,tris(p-trifluoromethylphenyl)phosphine,L21,FC(C1=CC=C(P(C2=CC=C(C=C2)C(F)(F)F)C3=CC=C(C=C3)C(F)(F)F)C=C1)(F)F,beta-tetralone,1i,O=C1CCC2=CC=CC=C2C1,94
209,tris(p-trifluoromethylphenyl)phosphine,L21,FC(C1=CC=C(P(C2=CC=C(C=C2)C(F)(F)F)C3=CC=C(C=C3)C(F)(F)F)C=C1)(F)F,dicyclohexyl_ketone,1j,O=C(C1CCCCC1)C2CCCCC2,3
210,tri(2-furyl)phosphine,L22,C1(P(C2=CC=CO2)C3=CC=CO3)=CC=CO1,benzophenone,1a,O=C(C1=CC=CC=C1)C2=CC=CC=C2,30
211,tri(2-furyl)phosphine,L22,C1(P(C2=CC=CO2)C3=CC=CO3)=CC=CO1,"4,4'-dimethylbenzophenone",1b,O=C(C1=CC=C(C)C=C1)C2=CC=C(C)C=C2,13
212,tri(2-furyl)phosphine,L22,C1(P(C2=CC=CO2)C3=CC=CO3)=CC=CO1,"4,4'-dimethoxybenzophenone",1c,O=C(C1=CC=C(C=C1)OC)C2=CC=C(C=C2)OC,7
213,tri(2-furyl)phosphine,L22,C1(P(C2=CC=CO2)C3=CC=CO3)=CC=CO1,"4,4'-difluorobenzophenone",1d,O=C(C1=CC=C(F)C=C1)C2=CC=C(F)C=C2,52
214,tri(2-furyl)phosphine,L22,C1(P(C2=CC=CO2)C3=CC=CO3)=CC=CO1,acetophenone,1e,CC(C1=CC=CC=C1)=O,12
215,tri(2-furyl)phosphine,L22,C1(P(C2=CC=CO2)C3=CC=CO3)=CC=CO1,"2,2,2-trifluoroacetophenone",1f,O=C(C1=CC=CC=C1)C(F)(F)F,81
216,tri(2-furyl)phosphine,L22,C1(P(C2=CC=CO2)C3=CC=CO3)=CC=CO1,cyclohexyl_phenyl_ketone,1g,O=C(C1CCCCC1)C2=CC=CC=C2,10
217,tri(2-furyl)phosphine,L22,C1(P(C2=CC=CO2)C3=CC=CO3)=CC=CO1,alpha-tetralone,1h,O=C1CCCC2=CC=CC=C21,5
218,tri(2-furyl)phosphine,L22,C1(P(C2=CC=CO2)C3=CC=CO3)=CC=CO1,beta-tetralone,1i,O=C1CCC2=CC=CC=C2C1,43
219,tri(2-furyl)phosphine,L22,C1(P(C2=CC=CO2)C3=CC=CO3)=CC=CO1,dicyclohexyl_ketone,1j,O=C(C1CCCCC1)C2CCCCC2,1
220,tri-n-butylphosphine,L23,CCCCP(CCCC)CCCC,benzophenone,1a,O=C(C1=CC=CC=C1)C2=CC=CC=C2,7
221,tri-n-butylphosphine,L23,CCCCP(CCCC)CCCC,"4,4'-dimethylbenzophenone",1b,O=C(C1=CC=C(C)C=C1)C2=CC=C(C)C=C2,4
222,tri-n-butylphosphine,L23,CCCCP(CCCC)CCCC,"4,4'-dimethoxybenzophenone",1c,O=C(C1=CC=C(C=C1)OC)C2=CC=C(C=C2)OC,1
223,tri-n-butylphosphine,L23,CCCCP(CCCC)CCCC,"4,4'-difluorobenzophenone",1d,O=C(C1=CC=C(F)C=C1)C2=CC=C(F)C=C2,93
224,tri-n-butylphosphine,L23,CCCCP(CCCC)CCCC,acetophenone,1e,CC(C1=CC=CC=C1)=O,77
225,tri-n-butylphosphine,L23,CCCCP(CCCC)CCCC,"2,2,2-trifluoroacetophenone",1f,O=C(C1=CC=CC=C1)C(F)(F)F,82
226,tri-n-butylphosphine,L23,CCCCP(CCCC)CCCC,cyclohexyl_phenyl_ketone,1g,O=C(C1CCCCC1)C2=CC=CC=C2,41
227,tri-n-butylphosphine,L23,CCCCP(CCCC)CCCC,alpha-tetralone,1h,O=C1CCCC2=CC=CC=C21,2
228,tri-n-butylphosphine,L23,CCCCP(CCCC)CCCC,beta-tetralone,1i,O=C1CCC2=CC=CC=C2C1,23
229,tri-n-butylphosphine,L23,CCCCP(CCCC)CCCC,dicyclohexyl_ketone,1j,O=C(C1CCCCC1)C2CCCCC2,0
230,tricyclohexylphosphine ,L24,P(C1CCCCC1)(C2CCCCC2)C3CCCCC3,benzophenone,1a,O=C(C1=CC=CC=C1)C2=CC=CC=C2,15
231,tricyclohexylphosphine ,L24,P(C1CCCCC1)(C2CCCCC2)C3CCCCC3,"4,4'-dimethylbenzophenone",1b,O=C(C1=CC=C(C)C=C1)C2=CC=C(C)C=C2,8
232,tricyclohexylphosphine ,L24,P(C1CCCCC1)(C2CCCCC2)C3CCCCC3,"4,4'-dimethoxybenzophenone",1c,O=C(C1=CC=C(C=C1)OC)C2=CC=C(C=C2)OC,2
233,tricyclohexylphosphine ,L24,P(C1CCCCC1)(C2CCCCC2)C3CCCCC3,"4,4'-difluorobenzophenone",1d,O=C(C1=CC=C(F)C=C1)C2=CC=C(F)C=C2,21
234,tricyclohexylphosphine ,L24,P(C1CCCCC1)(C2CCCCC2)C3CCCCC3,acetophenone,1e,CC(C1=CC=CC=C1)=O,11
235,tricyclohexylphosphine ,L24,P(C1CCCCC1)(C2CCCCC2)C3CCCCC3,"2,2,2-trifluoroacetophenone",1f,O=C(C1=CC=CC=C1)C(F)(F)F,77
236,tricyclohexylphosphine ,L24,P(C1CCCCC1)(C2CCCCC2)C3CCCCC3,cyclohexyl_phenyl_ketone,1g,O=C(C1CCCCC1)C2=CC=CC=C2,3
237,tricyclohexylphosphine ,L24,P(C1CCCCC1)(C2CCCCC2)C3CCCCC3,alpha-tetralone,1h,O=C1CCCC2=CC=CC=C21,2
238,tricyclohexylphosphine ,L24,P(C1CCCCC1)(C2CCCCC2)C3CCCCC3,beta-tetralone,1i,O=C1CCC2=CC=CC=C2C1,53
239,tricyclohexylphosphine ,L24,P(C1CCCCC1)(C2CCCCC2)C3CCCCC3,dicyclohexyl_ketone,1j,O=C(C1CCCCC1)C2CCCCC2,0
240,methyldiphenylphosphine,L25,CP(C1=CC=CC=C1)C2=CC=CC=C2,benzophenone,1a,O=C(C1=CC=CC=C1)C2=CC=CC=C2,8
241,methyldiphenylphosphine,L25,CP(C1=CC=CC=C1)C2=CC=CC=C2,"4,4'-dimethylbenzophenone",1b,O=C(C1=CC=C(C)C=C1)C2=CC=C(C)C=C2,9
242,methyldiphenylphosphine,L25,CP(C1=CC=CC=C1)C2=CC=CC=C2,"4,4'-dimethoxybenzophenone",1c,O=C(C1=CC=C(C=C1)OC)C2=CC=C(C=C2)OC,1
243,methyldiphenylphosphine,L25,CP(C1=CC=CC=C1)C2=CC=CC=C2,"4,4'-difluorobenzophenone",1d,O=C(C1=CC=C(F)C=C1)C2=CC=C(F)C=C2,12
244,methyldiphenylphosphine,L25,CP(C1=CC=CC=C1)C2=CC=CC=C2,acetophenone,1e,CC(C1=CC=CC=C1)=O,69
245,methyldiphenylphosphine,L25,CP(C1=CC=CC=C1)C2=CC=CC=C2,"2,2,2-trifluoroacetophenone",1f,O=C(C1=CC=CC=C1)C(F)(F)F,35
246,methyldiphenylphosphine,L25,CP(C1=CC=CC=C1)C2=CC=CC=C2,cyclohexyl_phenyl_ketone,1g,O=C(C1CCCCC1)C2=CC=CC=C2,1
247,methyldiphenylphosphine,L25,CP(C1=CC=CC=C1)C2=CC=CC=C2,alpha-tetralone,1h,O=C1CCCC2=CC=CC=C21,2
248,methyldiphenylphosphine,L25,CP(C1=CC=CC=C1)C2=CC=CC=C2,beta-tetralone,1i,O=C1CCC2=CC=CC=C2C1,12
249,methyldiphenylphosphine,L25,CP(C1=CC=CC=C1)C2=CC=CC=C2,dicyclohexyl_ketone,1j,O=C(C1CCCCC1)C2CCCCC2,1
250,johnphos,L26,CC(P(C(C)(C)C)C1=CC=CC=C1C2=CC=CC=C2)(C)C,benzophenone,1a,O=C(C1=CC=CC=C1)C2=CC=CC=C2,2
251,johnphos,L26,CC(P(C(C)(C)C)C1=CC=CC=C1C2=CC=CC=C2)(C)C,"4,4'-dimethylbenzophenone",1b,O=C(C1=CC=C(C)C=C1)C2=CC=C(C)C=C2,1
252,johnphos,L26,CC(P(C(C)(C)C)C1=CC=CC=C1C2=CC=CC=C2)(C)C,"4,4'-dimethoxybenzophenone",1c,O=C(C1=CC=C(C=C1)OC)C2=CC=C(C=C2)OC,2
253,johnphos,L26,CC(P(C(C)(C)C)C1=CC=CC=C1C2=CC=CC=C2)(C)C,"4,4'-difluorobenzophenone",1d,O=C(C1=CC=C(F)C=C1)C2=CC=C(F)C=C2,2
254,johnphos,L26,CC(P(C(C)(C)C)C1=CC=CC=C1C2=CC=CC=C2)(C)C,acetophenone,1e,CC(C1=CC=CC=C1)=O,1
255,johnphos,L26,CC(P(C(C)(C)C)C1=CC=CC=C1C2=CC=CC=C2)(C)C,"2,2,2-trifluoroacetophenone",1f,O=C(C1=CC=CC=C1)C(F)(F)F,17
256,johnphos,L26,CC(P(C(C)(C)C)C1=CC=CC=C1C2=CC=CC=C2)(C)C,cyclohexyl_phenyl_ketone,1g,O=C(C1CCCCC1)C2=CC=CC=C2,1
257,johnphos,L26,CC(P(C(C)(C)C)C1=CC=CC=C1C2=CC=CC=C2)(C)C,alpha-tetralone,1h,O=C1CCCC2=CC=CC=C21,1
258,johnphos,L26,CC(P(C(C)(C)C)C1=CC=CC=C1C2=CC=CC=C2)(C)C,beta-tetralone,1i,O=C1CCC2=CC=CC=C2C1,4
259,johnphos,L26,CC(P(C(C)(C)C)C1=CC=CC=C1C2=CC=CC=C2)(C)C,dicyclohexyl_ketone,1j,O=C(C1CCCCC1)C2CCCCC2,0
260,ruphos,L27,CC(C)OC1=C(C2=CC=CC=C2P(C3CCCCC3)C4CCCCC4)C(OC(C)C)=CC=C1,benzophenone,1a,O=C(C1=CC=CC=C1)C2=CC=CC=C2,5
261,ruphos,L27,CC(C)OC1=C(C2=CC=CC=C2P(C3CCCCC3)C4CCCCC4)C(OC(C)C)=CC=C1,"4,4'-dimethylbenzophenone",1b,O=C(C1=CC=C(C)C=C1)C2=CC=C(C)C=C2,3
262,ruphos,L27,CC(C)OC1=C(C2=CC=CC=C2P(C3CCCCC3)C4CCCCC4)C(OC(C)C)=CC=C1,"4,4'-dimethoxybenzophenone",1c,O=C(C1=CC=C(C=C1)OC)C2=CC=C(C=C2)OC,2
263,ruphos,L27,CC(C)OC1=C(C2=CC=CC=C2P(C3CCCCC3)C4CCCCC4)C(OC(C)C)=CC=C1,"4,4'-difluorobenzophenone",1d,O=C(C1=CC=C(F)C=C1)C2=CC=C(F)C=C2,6
264,ruphos,L27,CC(C)OC1=C(C2=CC=CC=C2P(C3CCCCC3)C4CCCCC4)C(OC(C)C)=CC=C1,acetophenone,1e,CC(C1=CC=CC=C1)=O,2
265,ruphos,L27,CC(C)OC1=C(C2=CC=CC=C2P(C3CCCCC3)C4CCCCC4)C(OC(C)C)=CC=C1,"2,2,2-trifluoroacetophenone",1f,O=C(C1=CC=CC=C1)C(F)(F)F,64
266,ruphos,L27,CC(C)OC1=C(C2=CC=CC=C2P(C3CCCCC3)C4CCCCC4)C(OC(C)C)=CC=C1,cyclohexyl_phenyl_ketone,1g,O=C(C1CCCCC1)C2=CC=CC=C2,3
267,ruphos,L27,CC(C)OC1=C(C2=CC=CC=C2P(C3CCCCC3)C4CCCCC4)C(OC(C)C)=CC=C1,alpha-tetralone,1h,O=C1CCCC2=CC=CC=C21,1
268,ruphos,L27,CC(C)OC1=C(C2=CC=CC=C2P(C3CCCCC3)C4CCCCC4)C(OC(C)C)=CC=C1,beta-tetralone,1i,O=C1CCC2=CC=CC=C2C1,14
269,ruphos,L27,CC(C)OC1=C(C2=CC=CC=C2P(C3CCCCC3)C4CCCCC4)C(OC(C)C)=CC=C1,dicyclohexyl_ketone,1j,O=C(C1CCCCC1)C2CCCCC2,0
270,cyjohnphos,L28,C1(C2=CC=CC=C2P(C3CCCCC3)C4CCCCC4)=CC=CC=C1,benzophenone,1a,O=C(C1=CC=CC=C1)C2=CC=CC=C2,6
271,cyjohnphos,L28,C1(C2=CC=CC=C2P(C3CCCCC3)C4CCCCC4)=CC=CC=C1,"4,4'-dimethylbenzophenone",1b,O=C(C1=CC=C(C)C=C1)C2=CC=C(C)C=C2,4
272,cyjohnphos,L28,C1(C2=CC=CC=C2P(C3CCCCC3)C4CCCCC4)=CC=CC=C1,"4,4'-dimethoxybenzophenone",1c,O=C(C1=CC=C(C=C1)OC)C2=CC=C(C=C2)OC,2
273,cyjohnphos,L28,C1(C2=CC=CC=C2P(C3CCCCC3)C4CCCCC4)=CC=CC=C1,"4,4'-difluorobenzophenone",1d,O=C(C1=CC=C(F)C=C1)C2=CC=C(F)C=C2,7
274,cyjohnphos,L28,C1(C2=CC=CC=C2P(C3CCCCC3)C4CCCCC4)=CC=CC=C1,acetophenone,1e,CC(C1=CC=CC=C1)=O,4
275,cyjohnphos,L28,C1(C2=CC=CC=C2P(C3CCCCC3)C4CCCCC4)=CC=CC=C1,"2,2,2-trifluoroacetophenone",1f,O=C(C1=CC=CC=C1)C(F)(F)F,62
276,cyjohnphos,L28,C1(C2=CC=CC=C2P(C3CCCCC3)C4CCCCC4)=CC=CC=C1,cyclohexyl_phenyl_ketone,1g,O=C(C1CCCCC1)C2=CC=CC=C2,2
277,cyjohnphos,L28,C1(C2=CC=CC=C2P(C3CCCCC3)C4CCCCC4)=CC=CC=C1,alpha-tetralone,1h,O=C1CCCC2=CC=CC=C21,2
278,cyjohnphos,L28,C1(C2=CC=CC=C2P(C3CCCCC3)C4CCCCC4)=CC=CC=C1,beta-tetralone,1i,O=C1CCC2=CC=CC=C2C1,6
279,cyjohnphos,L28,C1(C2=CC=CC=C2P(C3CCCCC3)C4CCCCC4)=CC=CC=C1,dicyclohexyl_ketone,1j,O=C(C1CCCCC1)C2CCCCC2,0
280,xphos,L29,CC(C1=CC(C(C)C)=CC(C(C)C)=C1C2=CC=CC=C2P(C3CCCCC3)C4CCCCC4)C,benzophenone,1a,O=C(C1=CC=CC=C1)C2=CC=CC=C2,2
281,xphos,L29,CC(C1=CC(C(C)C)=CC(C(C)C)=C1C2=CC=CC=C2P(C3CCCCC3)C4CCCCC4)C,"4,4'-dimethylbenzophenone",1b,O=C(C1=CC=C(C)C=C1)C2=CC=C(C)C=C2,1
282,xphos,L29,CC(C1=CC(C(C)C)=CC(C(C)C)=C1C2=CC=CC=C2P(C3CCCCC3)C4CCCCC4)C,"4,4'-dimethoxybenzophenone",1c,O=C(C1=CC=C(C=C1)OC)C2=CC=C(C=C2)OC,2
283,xphos,L29,CC(C1=CC(C(C)C)=CC(C(C)C)=C1C2=CC=CC=C2P(C3CCCCC3)C4CCCCC4)C,"4,4'-difluorobenzophenone",1d,O=C(C1=CC=C(F)C=C1)C2=CC=C(F)C=C2,3
284,xphos,L29,CC(C1=CC(C(C)C)=CC(C(C)C)=C1C2=CC=CC=C2P(C3CCCCC3)C4CCCCC4)C,acetophenone,1e,CC(C1=CC=CC=C1)=O,2
285,xphos,L29,CC(C1=CC(C(C)C)=CC(C(C)C)=C1C2=CC=CC=C2P(C3CCCCC3)C4CCCCC4)C,"2,2,2-trifluoroacetophenone",1f,O=C(C1=CC=CC=C1)C(F)(F)F,62
286,xphos,L29,CC(C1=CC(C(C)C)=CC(C(C)C)=C1C2=CC=CC=C2P(C3CCCCC3)C4CCCCC4)C,cyclohexyl_phenyl_ketone,1g,O=C(C1CCCCC1)C2=CC=CC=C2,1
287,xphos,L29,CC(C1=CC(C(C)C)=CC(C(C)C)=C1C2=CC=CC=C2P(C3CCCCC3)C4CCCCC4)C,alpha-tetralone,1h,O=C1CCCC2=CC=CC=C21,1
288,xphos,L29,CC(C1=CC(C(C)C)=CC(C(C)C)=C1C2=CC=CC=C2P(C3CCCCC3)C4CCCCC4)C,beta-tetralone,1i,O=C1CCC2=CC=CC=C2C1,5
289,xphos,L29,CC(C1=CC(C(C)C)=CC(C(C)C)=C1C2=CC=CC=C2P(C3CCCCC3)C4CCCCC4)C,dicyclohexyl_ketone,1j,O=C(C1CCCCC1)C2CCCCC2,0
290,sphos,L30,COC1=CC=CC(OC)=C1C2=CC=CC=C2P(C3CCCCC3)C4CCCCC4,benzophenone,1a,O=C(C1=CC=CC=C1)C2=CC=CC=C2,5
291,sphos,L30,COC1=CC=CC(OC)=C1C2=CC=CC=C2P(C3CCCCC3)C4CCCCC4,"4,4'-dimethylbenzophenone",1b,O=C(C1=CC=C(C)C=C1)C2=CC=C(C)C=C2,2
292,sphos,L30,COC1=CC=CC(OC)=C1C2=CC=CC=C2P(C3CCCCC3)C4CCCCC4,"4,4'-dimethoxybenzophenone",1c,O=C(C1=CC=C(C=C1)OC)C2=CC=C(C=C2)OC,3
293,sphos,L30,COC1=CC=CC(OC)=C1C2=CC=CC=C2P(C3CCCCC3)C4CCCCC4,"4,4'-difluorobenzophenone",1d,O=C(C1=CC=C(F)C=C1)C2=CC=C(F)C=C2,10
294,sphos,L30,COC1=CC=CC(OC)=C1C2=CC=CC=C2P(C3CCCCC3)C4CCCCC4,acetophenone,1e,CC(C1=CC=CC=C1)=O,4
295,sphos,L30,COC1=CC=CC(OC)=C1C2=CC=CC=C2P(C3CCCCC3)C4CCCCC4,"2,2,2-trifluoroacetophenone",1f,O=C(C1=CC=CC=C1)C(F)(F)F,86
296,sphos,L30,COC1=CC=CC(OC)=C1C2=CC=CC=C2P(C3CCCCC3)C4CCCCC4,cyclohexyl_phenyl_ketone,1g,O=C(C1CCCCC1)C2=CC=CC=C2,1
297,sphos,L30,COC1=CC=CC(OC)=C1C2=CC=CC=C2P(C3CCCCC3)C4CCCCC4,alpha-tetralone,1h,O=C1CCCC2=CC=CC=C21,2
298,sphos,L30,COC1=CC=CC(OC)=C1C2=CC=CC=C2P(C3CCCCC3)C4CCCCC4,beta-tetralone,1i,O=C1CCC2=CC=CC=C2C1,9
299,sphos,L30,COC1=CC=CC(OC)=C1C2=CC=CC=C2P(C3CCCCC3)C4CCCCC4,dicyclohexyl_ketone,1j,O=C(C1CCCCC1)C2CCCCC2,0